Date,Actual,Predicted,Percentage Error
2020-08-10 00:00:00+00:00,483.3800048828125,477.1429,1.2903080395237294
2020-08-11 00:00:00+00:00,466.92999267578125,476.1781,1.9806198049431771
2020-08-12 00:00:00+00:00,475.4700012207031,471.5909,0.8158431332176009
2020-08-13 00:00:00+00:00,481.3299865722656,467.0698,2.962664548005002
2020-08-14 00:00:00+00:00,482.67999267578125,463.74734,3.922401589534142
2020-08-17 00:00:00+00:00,482.3500061035156,461.5489,4.312452924255859
2020-08-18 00:00:00+00:00,491.8699951171875,460.18057,6.442641942383963
2020-08-19 00:00:00+00:00,484.5299987792969,460.8338,4.890553230855625
2020-08-20 00:00:00+00:00,497.8999938964844,461.32623,7.345603822990199
2020-08-21 00:00:00+00:00,492.30999755859375,463.76953,5.797255073049155
2020-08-24 00:00:00+00:00,488.80999755859375,465.9638,4.673838816791267
2020-08-25 00:00:00+00:00,490.5799865722656,467.39685,4.725658734737867
2020-08-26 00:00:00+00:00,547.530029296875,468.57068,14.421008229874662
2020-08-27 00:00:00+00:00,526.27001953125,477.57794,9.252299357673634
2020-08-28 00:00:00+00:00,523.8900146484375,485.6487,7.29949062226289
2020-08-31 00:00:00+00:00,529.5599975585938,492.3426,7.027986894430133
2020-09-01 00:00:00+00:00,556.5499877929688,498.3069,10.465026377650307
2020-09-02 00:00:00+00:00,552.8400268554688,506.84555,8.319671891337908
2020-09-03 00:00:00+00:00,525.75,514.59595,2.1215506865192584
2020-09-04 00:00:00+00:00,516.0499877929688,517.0814,0.19987077412402635
2020-09-08 00:00:00+00:00,507.0199890136719,515.4682,1.6662482452332008
2020-09-09 00:00:00+00:00,500.1900024414063,510.5944,2.080087242238137
2020-09-10 00:00:00+00:00,480.6700134277344,503.60928,4.7723530444405435
2020-09-11 00:00:00+00:00,482.0299987792969,493.54822,2.38952327102247
2020-09-14 00:00:00+00:00,476.260009765625,483.5241,1.52523809938788
2020-09-15 00:00:00+00:00,495.989990234375,473.79303,4.475283954567269
2020-09-16 00:00:00+00:00,483.8599853515625,468.29236,3.2173825950525523
2020-09-17 00:00:00+00:00,470.20001220703125,463.66165,1.390548793270608
2020-09-18 00:00:00+00:00,469.9599914550781,458.4439,2.450438967797253
2020-09-21 00:00:00+00:00,487.3500061035156,453.8522,6.8734589750389565
2020-09-22 00:00:00+00:00,491.1700134277344,452.7125,7.829777567825451
2020-09-23 00:00:00+00:00,470.60998535156244,453.90686,3.5492500201673605
2020-09-24 00:00:00+00:00,473.07998657226557,453.36002,4.168422098344802
2020-09-25 00:00:00+00:00,482.8800048828125,452.78433,6.232536510747764
2020-09-28 00:00:00+00:00,490.6499938964844,453.67917,7.535070957957145
2020-09-29 00:00:00+00:00,493.4800109863281,456.25876,7.542605903532223
2020-09-30 00:00:00+00:00,500.02999877929693,459.78262,8.048992177776453
2020-10-01 00:00:00+00:00,527.510009765625,464.35068,11.973105932805444
2020-10-02 00:00:00+00:00,503.0599975585938,472.79968,6.015249689552536
2020-10-05 00:00:00+00:00,520.6500244140625,478.35706,8.123108953580928
2020-10-06 00:00:00+00:00,505.8699951171875,484.67154,4.190494794148869
2020-10-07 00:00:00+00:00,534.6599731445312,488.1293,8.702852748140412
2020-10-08 00:00:00+00:00,531.7899780273438,493.97415,7.111045333402504
2020-10-09 00:00:00+00:00,539.4400024414062,499.35773,7.430349104482426
2020-10-12 00:00:00+00:00,539.8099975585938,504.9326,6.461053156927887
2020-10-13 00:00:00+00:00,554.0900268554688,509.75986,8.000535568076133
2020-10-14 00:00:00+00:00,541.4500122070312,515.55365,4.782779891190703
2020-10-15 00:00:00+00:00,541.9400024414062,518.96796,4.2388540788555655
2020-10-16 00:00:00+00:00,530.7899780273438,520.91504,1.8604230248550475
2020-10-19 00:00:00+00:00,530.719970703125,520.1128,1.9986392673940774
2020-10-20 00:00:00+00:00,525.4199829101562,518.0319,1.406124959792558
2020-10-21 00:00:00+00:00,489.04998779296875,514.64594,5.233810020349212
2020-10-22 00:00:00+00:00,485.23001098632807,505.77667,4.234416856283876
2020-10-23 00:00:00+00:00,488.2799987792969,495.13568,1.404047347871329
2020-10-26 00:00:00+00:00,488.239990234375,485.22635,0.6172459072791651
2020-10-27 00:00:00+00:00,488.9299926757813,476.77304,2.4864402033847894
2020-10-28 00:00:00+00:00,486.239990234375,470.2285,3.292922311724163
2020-10-29 00:00:00+00:00,504.20999145507807,465.16614,7.743570024681697
2020-10-30 00:00:00+00:00,475.739990234375,464.22864,2.4196730935718462
2020-11-02 00:00:00+00:00,484.11999511718756,461.35004,4.703370801815786
2020-11-03 00:00:00+00:00,487.2200012207031,459.64218,5.660239677173356
2020-11-04 00:00:00+00:00,496.95001220703125,459.14633,7.6071394489014965
2020-11-05 00:00:00+00:00,513.760009765625,460.79776,10.30875287082397
2020-11-06 00:00:00+00:00,514.72998046875,465.74542,9.516554303065833
2020-11-09 00:00:00+00:00,470.5,471.82455,0.2815206043271785
2020-11-10 00:00:00+00:00,480.239990234375,471.5279,1.8141132236232391
2020-11-11 00:00:00+00:00,490.760009765625,470.07346,4.215207747867948
2020-11-12 00:00:00+00:00,486.7699890136719,469.43918,3.560369566330892
2020-11-13 00:00:00+00:00,482.8399963378906,468.53445,2.962791421731456
2020-11-16 00:00:00+00:00,479.10000610351557,467.11322,2.501938162380637
2020-11-17 00:00:00+00:00,480.6300048828125,465.12698,3.22556250811148
2020-11-18 00:00:00+00:00,481.7900085449219,463.36145,3.825018788842547
2020-11-19 00:00:00+00:00,484.6700134277343,462.06647,4.663698086605129
2020-11-20 00:00:00+00:00,488.239990234375,461.58554,5.459292560221338
2020-11-23 00:00:00+00:00,476.6199951171875,462.08258,3.0501058914254964
2020-11-24 00:00:00+00:00,482.8800048828125,461.35272,4.458101908789553
2020-11-25 00:00:00+00:00,484.99999999999994,461.17728,4.9119017296230565
2020-11-27 00:00:00+00:00,491.35998535156244,461.51495,6.073964634488381
2020-11-30 00:00:00+00:00,490.7000122070313,462.9742,5.650254508012757
2020-12-01 00:00:00+00:00,504.5799865722657,464.67404,7.908745072373873
2020-12-02 00:00:00+00:00,503.38000488281244,468.31815,6.96528642193918
2020-12-03 00:00:00+00:00,497.5199890136718,472.16232,5.096813510125744
2020-12-04 00:00:00+00:00,498.3099975585937,474.8477,4.708376493742082
2020-12-07 00:00:00+00:00,515.780029296875,476.7904,7.559351236725701
2020-12-08 00:00:00+00:00,512.6599731445312,480.5462,6.264146064353722
2020-12-09 00:00:00+00:00,493.60000610351557,484.01648,1.9415572311233427
2020-12-10 00:00:00+00:00,501.0899963378906,484.21643,3.3673722878415018
2020-12-11 00:00:00+00:00,503.22000122070307,484.01236,3.8169471712111704
2020-12-14 00:00:00+00:00,522.4199829101562,483.70084,7.411498027473883
2020-12-15 00:00:00+00:00,519.780029296875,486.02454,6.4941881683535945
2020-12-16 00:00:00+00:00,524.8300170898438,488.716,6.8810876847565625
2020-12-17 00:00:00+00:00,532.9000244140625,492.05093,7.665432295876984
2020-12-18 00:00:00+00:00,534.4500122070312,496.3722,7.124673768267864
2020-12-21 00:00:00+00:00,528.9099731445312,500.74274,5.3255256581119435
2020-12-22 00:00:00+00:00,527.3300170898438,503.75354,4.470915041190309
2020-12-23 00:00:00+00:00,514.47998046875,505.50052,1.7453471487346428
2020-12-24 00:00:00+00:00,513.969970703125,504.476,1.8471813648068305
2020-12-28 00:00:00+00:00,519.1199951171875,502.1905,3.2611928944693296
2020-12-29 00:00:00+00:00,530.8699951171875,500.1694,5.783071622693347
2020-12-30 00:00:00+00:00,524.5900268554688,500.05573,4.676852494676193
2020-12-31 00:00:00+00:00,540.72998046875,499.82462,7.5648413196498145
2021-01-04 00:00:00+00:00,522.8599853515625,501.99658,3.990246701759801
2021-01-05 00:00:00+00:00,520.7999877929688,502.31757,3.5488522097176456
2021-01-06 00:00:00+00:00,500.48999023437506,501.67038,0.23584675564521326
2021-01-07 00:00:00+00:00,508.8900146484375,497.6877,2.2013206592645846
2021-01-08 00:00:00+00:00,510.3999938964843,493.96158,3.2206927358775825
2021-01-11 00:00:00+00:00,499.10000610351557,490.82953,1.6570781794794216
2021-01-12 00:00:00+00:00,494.25,486.74222,1.5190251861248103
2021-01-13 00:00:00+00:00,507.7900085449219,482.17642,5.044129658867703
2021-01-14 00:00:00+00:00,500.8599853515625,479.94662,4.175490397984912
2021-01-15 00:00:00+00:00,497.98001098632807,478.02225,4.007743931798676
2021-01-19 00:00:00+00:00,501.7699890136718,476.2808,5.079856774106349
2021-01-20 00:00:00+00:00,586.3400268554688,475.50272,18.90324823727866
2021-01-21 00:00:00+00:00,579.8400268554688,487.44257,15.934991835348242
2021-01-22 00:00:00+00:00,565.1699829101562,502.3724,11.111272502644512
2021-01-25 00:00:00+00:00,556.780029296875,515.2735,7.454744886258749
2021-01-26 00:00:00+00:00,561.9299926757812,524.62225,6.639214803282102
2021-01-27 00:00:00+00:00,523.280029296875,531.7487,1.6183856617312575
2021-01-28 00:00:00+00:00,538.5999755859375,531.0266,1.406120423524623
2021-01-29 00:00:00+00:00,532.3900146484375,529.02924,0.6312625549171941
2021-02-01 00:00:00+00:00,539.0399780273438,525.2181,2.5641696307284576
2021-02-02 00:00:00+00:00,548.1599731445312,521.85004,4.799682175352935
2021-02-03 00:00:00+00:00,539.4500122070312,520.2034,3.5678156633099687
2021-02-04 00:00:00+00:00,552.1599731445312,518.19275,6.151699828521004
2021-02-05 00:00:00+00:00,550.7899780273438,518.2056,5.915930188606276
2021-02-08 00:00:00+00:00,547.9199829101562,518.8283,5.3094750533049515
2021-02-09 00:00:00+00:00,559.0700073242188,519.32263,7.109552465265902
2021-02-10 00:00:00+00:00,563.5900268554688,521.3448,7.49573932198878
2021-02-11 00:00:00+00:00,557.5900268554688,524.3571,5.960097662375192
2021-02-12 00:00:00+00:00,556.52001953125,526.58936,5.37818281680329
2021-02-16 00:00:00+00:00,557.280029296875,528.1032,5.235575888924082
2021-02-17 00:00:00+00:00,551.3400268554688,529.1588,4.023145844392131
2021-02-18 00:00:00+00:00,548.219970703125,528.94574,3.515784171873727
2021-02-19 00:00:00+00:00,540.219970703125,527.72516,2.312911904285228
2021-02-22 00:00:00+00:00,533.780029296875,524.9967,1.6454952814331383
2021-02-23 00:00:00+00:00,546.1500244140625,520.99994,4.604977446664227
2021-02-24 00:00:00+00:00,553.4099731445312,518.6756,6.27642736588858
2021-02-25 00:00:00+00:00,546.7000122070312,518.29517,5.1956915231693
2021-02-26 00:00:00+00:00,538.8499755859375,517.9164,3.8848649342958805
2021-03-01 00:00:00+00:00,550.6400146484375,516.6362,6.175320222849698
2021-03-02 00:00:00+00:00,547.8200073242188,516.8984,5.644487321740791
2021-03-03 00:00:00+00:00,520.7000122070312,517.3239,0.6483769067918049
2021-03-04 00:00:00+00:00,511.29000854492193,513.98724,0.5275352661589982
2021-03-05 00:00:00+00:00,516.3900146484375,508.25385,1.5755861273059124
2021-03-08 00:00:00+00:00,493.3299865722656,502.81647,1.9229483248736177
2021-03-09 00:00:00+00:00,506.44000244140625,494.76813,2.304690574151556
2021-03-10 00:00:00+00:00,504.54000854492193,488.62982,3.153404387783375
2021-03-11 00:00:00+00:00,523.0599975585938,483.7372,7.517834398992276
2021-03-12 00:00:00+00:00,518.02001953125,482.858,6.7877719965501155
2021-03-15 00:00:00+00:00,520.25,483.26636,7.108821254805382
2021-03-16 00:00:00+00:00,524.030029296875,484.86823,7.473198482874096
2021-03-17 00:00:00+00:00,524.4400024414062,487.5252,7.038897633671519
2021-03-18 00:00:00+00:00,504.7900085449219,490.50064,2.830754855265647
2021-03-19 00:00:00+00:00,512.1799926757812,490.52545,4.227916225796953
2021-03-22 00:00:00+00:00,523.1099853515625,490.42953,6.247338294926606
2021-03-23 00:00:00+00:00,535.0900268554688,491.69608,8.109654308271494
2021-03-24 00:00:00+00:00,520.8099975585938,495.05795,4.944614120015455
2021-03-25 00:00:00+00:00,502.85998535156244,496.88846,1.1875128810327726
2021-03-26 00:00:00+00:00,508.04998779296875,495.3985,2.4902056021637
2021-03-29 00:00:00+00:00,513.9500122070312,493.3723,4.003832525568083
2021-03-30 00:00:00+00:00,513.3900146484375,491.99588,4.167228405510533
2021-03-31 00:00:00+00:00,521.6599731445312,490.91553,5.893579608083748
2021-04-01 00:00:00+00:00,539.4199829101562,491.32135,8.916731737116814
2021-04-05 00:00:00+00:00,540.6699829101562,494.87555,8.469941931538617
2021-04-06 00:00:00+00:00,544.530029296875,499.5593,8.258632439545462
2021-04-07 00:00:00+00:00,546.989990234375,504.85175,7.703659185947955
2021-04-08 00:00:00+00:00,554.5800170898438,510.11798,8.01724453869197
2021-04-09 00:00:00+00:00,555.3099975585938,515.75586,7.1228932231532855
2021-04-12 00:00:00+00:00,552.780029296875,520.82513,5.780761483040049
2021-04-13 00:00:00+00:00,553.72998046875,524.54504,5.270607977327058
2021-04-14 00:00:00+00:00,540.02001953125,527.20905,2.3723146657070187
2021-04-15 00:00:00+00:00,549.219970703125,526.9165,4.060935141947142
2021-04-16 00:00:00+00:00,546.5399780273438,526.58856,3.6504952643421844
2021-04-19 00:00:00+00:00,554.4400024414062,525.6177,5.198457278197964
2021-04-20 00:00:00+00:00,549.5700073242188,525.5391,4.372670172825767
2021-04-21 00:00:00+00:00,508.8999938964844,525.0367,3.170895741001767
2021-04-22 00:00:00+00:00,508.7799987792969,518.61163,1.932394069160181
2021-04-23 00:00:00+00:00,505.54998779296875,510.56085,0.9911708790040626
2021-04-26 00:00:00+00:00,510.29998779296875,502.05835,1.6150574918174256
2021-04-27 00:00:00+00:00,505.54998779296875,495.0249,2.08190796229016
2021-04-28 00:00:00+00:00,506.51998901367193,488.84744,3.4890126293202997
2021-04-29 00:00:00+00:00,509.0,484.15204,4.881721301725197
2021-04-30 00:00:00+00:00,513.469970703125,481.2254,6.279737805686931
2021-05-03 00:00:00+00:00,509.1099853515625,480.288,5.6612503773411635
2021-05-04 00:00:00+00:00,503.17999267578125,479.9344,4.619739617454954
2021-05-05 00:00:00+00:00,496.0799865722657,479.2836,3.385822281363747
2021-05-06 00:00:00+00:00,499.54998779296875,477.7359,4.366747562228554
2021-05-07 00:00:00+00:00,503.8399963378906,476.58655,5.409147484204712
2021-05-10 00:00:00+00:00,486.69000244140625,476.38815,2.116716865675629
2021-05-11 00:00:00+00:00,495.0799865722656,474.24808,4.20778656877634
2021-05-12 00:00:00+00:00,484.9800109863281,472.89905,2.491022900138908
2021-05-13 00:00:00+00:00,486.6600036621094,470.56448,3.3073439153439153
2021-05-14 00:00:00+00:00,493.36999511718744,468.44943,5.051090052247973
2021-05-17 00:00:00+00:00,488.94000244140625,467.6665,4.350942534652937
2021-05-18 00:00:00+00:00,486.2799987792969,466.9812,3.9686595492036325
2021-05-19 00:00:00+00:00,487.7000122070312,466.18698,4.411119636537332
2021-05-20 00:00:00+00:00,501.67001342773443,465.72235,7.165599177016375
2021-05-21 00:00:00+00:00,497.8900146484375,467.49582,6.104600345942289
2021-05-24 00:00:00+00:00,502.8999938964844,469.50534,6.640416330405915
2021-05-25 00:00:00+00:00,501.33999633789057,472.23666,5.805108854693548
2021-05-26 00:00:00+00:00,502.3599853515625,474.73883,5.498279240100376
2021-05-27 00:00:00+00:00,503.8599853515625,477.0021,5.330425201344794
2021-05-28 00:00:00+00:00,502.80999755859375,479.0517,4.725105088723177
2021-06-01 00:00:00+00:00,499.0799865722656,480.54175,3.714482452544975
2021-06-02 00:00:00+00:00,499.23999023437506,481.00946,3.651656546303059
2021-06-03 00:00:00+00:00,489.42999267578125,480.92798,1.7371256946625941
2021-06-04 00:00:00+00:00,494.739990234375,479.11185,3.158859930272323
2021-06-07 00:00:00+00:00,494.66000366210943,477.4851,3.472060832305779
2021-06-08 00:00:00+00:00,492.3900146484375,476.00406,3.3278408016146135
2021-06-09 00:00:00+00:00,485.80999755859375,474.4383,2.3407719393817032
2021-06-10 00:00:00+00:00,487.2699890136719,472.10992,3.111224790993697
2021-06-11 00:00:00+00:00,488.7699890136719,469.9773,3.8448952501605427
2021-06-14 00:00:00+00:00,499.89001464843744,468.38916,6.301557056373961
2021-06-15 00:00:00+00:00,491.8999938964844,468.8585,4.6841846294267
2021-06-16 00:00:00+00:00,492.4100036621093,469.06143,4.741693223878009
2021-06-17 00:00:00+00:00,498.33999633789057,469.3586,5.815584639065049
2021-06-18 00:00:00+00:00,500.7699890136719,470.53052,6.0385949835187285
2021-06-21 00:00:00+00:00,497.00000000000006,472.28815,4.972203828439397
2021-06-22 00:00:00+00:00,508.8200073242188,473.58673,6.9245068708033335
2021-06-23 00:00:00+00:00,512.739990234375,476.25665,7.115368041737315
2021-06-24 00:00:00+00:00,518.0599975585938,479.68793,7.406877676974092
2021-06-25 00:00:00+00:00,527.0700073242188,483.8142,8.206841166971513
2021-06-28 00:00:00+00:00,533.030029296875,489.0094,8.258564708048539
2021-06-29 00:00:00+00:00,533.5,494.826,7.249111758288425
2021-06-30 00:00:00+00:00,528.2100219726562,500.20428,5.30200793996621
2021-07-01 00:00:00+00:00,533.5399780273438,503.884,5.558341748156128
2021-07-02 00:00:00+00:00,533.97998046875,507.00534,5.051620075512692
2021-07-06 00:00:00+00:00,541.6400146484375,509.3231,5.966495121266859
2021-07-07 00:00:00+00:00,535.9600219726562,511.93823,4.4820114497283905
2021-07-08 00:00:00+00:00,530.760009765625,513.3532,3.2795988763533277
2021-07-09 00:00:00+00:00,535.97998046875,513.251,4.240644190921456
2021-07-12 00:00:00+00:00,537.3099975585938,513.1234,4.501420889719942
2021-07-13 00:00:00+00:00,540.6799926757812,513.00995,5.117637848660851
2021-07-14 00:00:00+00:00,547.9500122070312,513.3195,6.320009561561631
2021-07-15 00:00:00+00:00,542.9500122070312,514.7526,5.193367172180965
2021-07-16 00:00:00+00:00,530.3099975585938,515.72473,2.7503283325654686
2021-07-19 00:00:00+00:00,532.280029296875,514.60156,3.321271853882569
2021-07-20 00:00:00+00:00,531.0499877929688,512.9959,3.399694485159452
2021-07-21 00:00:00+00:00,513.6300048828125,511.06308,0.4997615062254362
2021-07-22 00:00:00+00:00,511.7699890136719,506.68716,0.9931853793981387
2021-07-23 00:00:00+00:00,515.4099731445312,501.58914,2.6815218988695215
2021-07-26 00:00:00+00:00,516.489990234375,497.24417,3.7262714584388026
2021-07-27 00:00:00+00:00,518.9099731445312,493.90198,4.819332234823575
2021-07-28 00:00:00+00:00,519.2999877929688,491.85455,5.285082845265591
2021-07-29 00:00:00+00:00,514.25,490.80914,4.558260949653622
2021-07-30 00:00:00+00:00,517.5700073242188,489.76053,5.373085450514731
2021-08-02 00:00:00+00:00,515.1500244140625,489.47122,4.984723143406959
2021-08-03 00:00:00+00:00,510.82000732421875,489.26392,4.219899573141043
2021-08-04 00:00:00+00:00,517.3499755859375,488.60223,5.556730077479908
2021-08-05 00:00:00+00:00,524.8900146484375,488.83493,6.86907413406687
2021-08-06 00:00:00+00:00,520.5499877929688,490.50784,5.771231482064481
2021-08-09 00:00:00+00:00,519.969970703125,492.02805,5.373757452001294
2021-08-10 00:00:00+00:00,515.8400268554688,493.3253,4.364674863926892
2021-08-11 00:00:00+00:00,512.4000244140625,493.7842,3.6330627092127585
2021-08-12 00:00:00+00:00,510.7200012207031,493.32764,3.4054598332515997
2021-08-13 00:00:00+00:00,515.9199829101562,492.2508,4.587763652730392
2021-08-16 00:00:00+00:00,517.9199829101562,491.7347,5.055852850022055
2021-08-17 00:00:00+00:00,518.9099731445312,491.7612,5.231885027925194
2021-08-18 00:00:00+00:00,521.8699951171875,492.18683,5.687846931541025
2021-08-19 00:00:00+00:00,543.7100219726562,493.1926,9.291244136686146
2021-08-20 00:00:00+00:00,546.8800048828125,497.4751,9.03395750172822
2021-08-23 00:00:00+00:00,553.3300170898438,503.05142,9.08654752459226
2021-08-24 00:00:00+00:00,553.4099731445312,509.54306,7.926657445752315
2021-08-25 00:00:00+00:00,547.5800170898438,515.62787,5.835156039351501
2021-08-26 00:00:00+00:00,550.1199951171875,519.8907,5.495039146066987
2021-08-27 00:00:00+00:00,558.9199829101562,523.083,6.411825698387469
2021-08-30 00:00:00+00:00,566.1799926757812,526.44635,7.017846460865348
2021-08-31 00:00:00+00:00,569.1900024414062,530.2773,6.836507942805666
2021-09-01 00:00:00+00:00,582.0700073242188,534.1091,8.239719775371501
2021-09-02 00:00:00+00:00,588.5499877929688,539.1974,8.385455971671307
2021-09-03 00:00:00+00:00,590.530029296875,544.9358,7.720900888907814
2021-09-07 00:00:00+00:00,606.7100219726562,550.4093,9.2796753269029
2021-09-08 00:00:00+00:00,606.0499877929688,557.27997,8.047194210638315
2021-09-09 00:00:00+00:00,597.5399780273438,563.54016,5.689965214842144
2021-09-10 00:00:00+00:00,598.719970703125,567.4288,5.226349589395019
2021-09-13 00:00:00+00:00,589.2899780273438,569.83777,3.300957117542163
2021-09-14 00:00:00+00:00,577.760009765625,569.6851,1.397620119120813
2021-09-15 00:00:00+00:00,582.8699951171875,566.64276,2.784022856324286
2021-09-16 00:00:00+00:00,586.5,563.3042,3.9549532448849103
2021-09-17 00:00:00+00:00,589.3499755859375,560.5175,4.892247338676521
2021-09-20 00:00:00+00:00,575.4299926757812,558.622,2.9209432272168243
2021-09-21 00:00:00+00:00,573.1400146484375,555.3521,3.1035876709711676
2021-09-22 00:00:00+00:00,590.6500244140625,551.70416,6.593728977670217
2021-09-23 00:00:00+00:00,593.260009765625,550.8146,7.154609087351281
2021-09-24 00:00:00+00:00,592.3900146484375,551.4915,6.903981755909248
2021-09-27 00:00:00+00:00,592.6400146484375,552.7763,6.726462525440755
2021-09-28 00:00:00+00:00,583.8499755859375,554.3244,5.057048037184143
2021-09-29 00:00:00+00:00,599.0599975585938,554.59485,7.42248674706946
2021-09-30 00:00:00+00:00,610.3400268554688,556.5241,8.817366648229651
2021-10-01 00:00:00+00:00,613.1500244140625,560.3848,8.605593354469757
2021-10-04 00:00:00+00:00,603.3499755859375,564.98065,6.359381003240575
2021-10-05 00:00:00+00:00,634.8099975585938,567.9742,10.528475557525931
2021-10-06 00:00:00+00:00,639.0999755859375,574.4485,10.116021237293733
2021-10-07 00:00:00+00:00,631.8499755859375,581.88525,7.907687522398556
2021-10-08 00:00:00+00:00,632.6599731445312,587.7931,7.091784564971823
2021-10-11 00:00:00+00:00,627.0399780273438,592.41925,5.5212950931739115
2021-10-12 00:00:00+00:00,624.9400024414062,594.9268,4.802570402998647
2021-10-13 00:00:00+00:00,629.760009765625,595.76135,5.398668810237035
2021-10-14 00:00:00+00:00,633.7999877929688,596.25745,5.923405210946383
2021-10-15 00:00:00+00:00,628.2899780273438,596.8992,4.996229321375964
2021-10-18 00:00:00+00:00,637.969970703125,596.60645,6.483616359722555
2021-10-19 00:00:00+00:00,639.0,597.29913,6.525957229924686
2021-10-20 00:00:00+00:00,625.1400146484375,598.30835,4.292104874161979
2021-10-21 00:00:00+00:00,653.1599731445312,597.3487,8.544810091191103
2021-10-22 00:00:00+00:00,664.780029296875,599.7094,9.788293090664169
2021-10-25 00:00:00+00:00,671.6599731445312,604.5076,9.99796719098963
2021-10-26 00:00:00+00:00,668.52001953125,610.7162,8.64653732409437
2021-10-27 00:00:00+00:00,662.9199829101562,616.3208,7.0293826299126225
2021-10-28 00:00:00+00:00,674.0499877929688,620.1988,7.98919920841281
2021-10-29 00:00:00+00:00,690.3099975585938,624.3554,9.554343711812134
2021-11-01 00:00:00+00:00,681.1699829101562,630.12744,7.49336329910453
2021-11-02 00:00:00+00:00,677.719970703125,634.33813,6.401144692916744
2021-11-03 00:00:00+00:00,688.2899780273438,636.90674,7.46534765671867
2021-11-04 00:00:00+00:00,668.4000244140625,639.80615,4.27795796317911
2021-11-05 00:00:00+00:00,645.719970703125,639.4281,0.9743960854015832
2021-11-08 00:00:00+00:00,651.4500122070312,634.611,2.5848474851913976
2021-11-09 00:00:00+00:00,655.989990234375,629.3032,4.068166889038998
2021-11-10 00:00:00+00:00,646.9099731445312,624.78625,3.419906815499955
2021-11-11 00:00:00+00:00,657.5800170898438,619.79254,5.7464452391920355
2021-11-12 00:00:00+00:00,682.6099853515625,616.8315,9.636323058487205
2021-11-15 00:00:00+00:00,679.3300170898438,618.54407,8.947926365366554
2021-11-16 00:00:00+00:00,687.4000244140625,621.4951,9.587562537947191
2021-11-17 00:00:00+00:00,691.6900024414062,626.011,9.495441004128867
2021-11-18 00:00:00+00:00,682.02001953125,631.2634,7.442097056294599
2021-11-19 00:00:00+00:00,678.7999877929688,634.8447,6.475436361362299
2021-11-22 00:00:00+00:00,659.2000122070312,636.90265,3.382488299203367
2021-11-23 00:00:00+00:00,654.0599975585938,635.22815,2.87922334569073
2021-11-24 00:00:00+00:00,658.2899780273438,631.5021,4.06931652101174
2021-11-26 00:00:00+00:00,665.6400146484375,627.8034,5.684244945325654
2021-11-29 00:00:00+00:00,663.8400268554688,625.4438,5.783959791676532
2021-11-30 00:00:00+00:00,641.9000244140625,623.6275,2.846630515294921
2021-12-01 00:00:00+00:00,617.77001953125,619.29193,0.24635569434860927
2021-12-02 00:00:00+00:00,616.469970703125,611.29016,0.8402371269446559
2021-12-03 00:00:00+00:00,602.1300048828125,602.6714,0.08991112077911888
2021-12-06 00:00:00+00:00,612.6900024414062,592.7308,3.257639007669914
2021-12-07 00:00:00+00:00,625.5800170898438,585.07275,6.475152990344996
2021-12-08 00:00:00+00:00,628.0800170898438,581.1128,7.477904541321416
2021-12-09 00:00:00+00:00,611.0,579.7074,5.121538877096972
2021-12-10 00:00:00+00:00,611.6599731445312,577.4685,5.589946830978432
2021-12-13 00:00:00+00:00,604.5599975585938,575.64484,4.782843927745989
2021-12-14 00:00:00+00:00,597.989990234375,573.3168,4.126025213861377
2021-12-15 00:00:00+00:00,605.0399780273438,570.296,5.742423439986482
2021-12-16 00:00:00+00:00,591.0599975585938,568.4712,3.821745042068161
2021-12-17 00:00:00+00:00,586.72998046875,565.4143,3.632961419679883
2021-12-20 00:00:00+00:00,593.739990234375,561.82654,5.3749878184624
2021-12-21 00:00:00+00:00,604.9199829101562,559.5229,7.504644582605061
2021-12-22 00:00:00+00:00,614.239990234375,559.65967,8.885830153259613
2021-12-23 00:00:00+00:00,614.0900268554688,562.22815,8.445321560907287
2021-12-27 00:00:00+00:00,613.1199951171875,565.6421,7.743656323647201
2021-12-28 00:00:00+00:00,610.7100219726562,569.03955,6.823282686078466
2021-12-29 00:00:00+00:00,610.5399780273438,571.74817,6.353688616324141
2021-12-30 00:00:00+00:00,612.0900268554688,573.81525,6.253129212065274
2021-12-31 00:00:00+00:00,602.4400024414062,575.51776,4.4688667920181775
2022-01-03 00:00:00+00:00,597.3699951171875,575.404,3.6771186362749315
2022-01-04 00:00:00+00:00,591.1500244140625,573.8153,2.932371831339577
2022-01-05 00:00:00+00:00,567.52001953125,570.832,0.5835830577975549
2022-01-06 00:00:00+00:00,553.2899780273438,564.21075,1.9737889354373581
2022-01-07 00:00:00+00:00,541.0599975585938,554.9116,2.5600901189624903
2022-01-10 00:00:00+00:00,539.8499755859375,543.81995,0.735384066437367
2022-01-11 00:00:00+00:00,540.8400268554688,533.143,1.4231604730009955
2022-01-12 00:00:00+00:00,537.219970703125,524.1069,2.4409178473705184
2022-01-13 00:00:00+00:00,519.2000122070312,516.5205,0.5160832687852088
2022-01-14 00:00:00+00:00,525.6900024414062,508.20178,3.326717292249247
2022-01-18 00:00:00+00:00,510.7999877929687,501.8843,1.7454346407020989
2022-01-19 00:00:00+00:00,515.8599853515625,495.233,3.9985624449085115
2022-01-20 00:00:00+00:00,508.25,490.34888,3.52210979771274
2022-01-21 00:00:00+00:00,397.5,485.93375,22.247483355444185
2022-01-24 00:00:00+00:00,387.1499938964844,466.78143,20.5686272670525
2022-01-25 00:00:00+00:00,366.4200134277344,442.79648,20.843966498793066
2022-01-26 00:00:00+00:00,359.70001220703125,416.2442,15.719818608340793
2022-01-27 00:00:00+00:00,386.70001220703125,390.8842,1.0820205461344166
2022-01-28 00:00:00+00:00,384.3599853515625,373.14172,2.9186861656498904
2022-01-31 00:00:00+00:00,427.1400146484375,361.07895,15.465904248797774
2022-02-01 00:00:00+00:00,457.13000488281244,359.88544,21.272847293413353
2022-02-02 00:00:00+00:00,429.4800109863281,368.72818,14.14543855374481
2022-02-03 00:00:00+00:00,405.6000061035156,378.2869,6.734001464633055
2022-02-04 00:00:00+00:00,410.1700134277344,384.65515,6.220557628609337
2022-02-07 00:00:00+00:00,402.1000061035156,389.73953,3.0739799664739254
2022-02-08 00:00:00+00:00,403.5299987792968,392.40646,2.75655718035817
2022-02-09 00:00:00+00:00,412.89001464843756,393.8028,4.622833820414246
2022-02-10 00:00:00+00:00,406.2699890136718,395.63168,2.618531014286768
2022-02-11 00:00:00+00:00,391.30999755859375,396.42404,1.3069035346298201
2022-02-14 00:00:00+00:00,396.57000732421875,394.5841,0.5007693073678823
2022-02-15 00:00:00+00:00,407.4599914550782,392.4623,3.680773813032396
2022-02-16 00:00:00+00:00,398.0799865722656,391.82526,1.571224486432181
2022-02-17 00:00:00+00:00,386.6700134277344,390.59134,1.0141271749604175
2022-02-18 00:00:00+00:00,391.2900085449219,387.74362,0.9063320405082254
2022-02-22 00:00:00+00:00,377.3800048828125,385.14722,2.058193813547288
2022-02-23 00:00:00+00:00,367.4599914550781,380.97223,3.677199657933371
2022-02-24 00:00:00+00:00,390.0299987792969,375.2614,3.786525459913432
2022-02-25 00:00:00+00:00,390.79998779296875,372.61975,4.65205664899802
2022-02-28 00:00:00+00:00,394.5199890136719,371.74017,5.7740586809756556
2022-03-01 00:00:00+00:00,386.239990234375,372.499,3.55763195471161
2022-03-02 00:00:00+00:00,380.0299987792969,372.93997,1.8656492588066176
2022-03-03 00:00:00+00:00,368.07000732421875,372.4724,1.1960781094772388
2022-03-04 00:00:00+00:00,361.7300109863281,370.02478,2.293082972157066
2022-03-07 00:00:00+00:00,350.260009765625,366.08093,4.516908128378402
2022-03-08 00:00:00+00:00,341.760009765625,360.28745,5.42118292758719
2022-03-09 00:00:00+00:00,358.7900085449219,353.1603,1.56907928675678
2022-03-10 00:00:00+00:00,356.7699890136719,348.56018,2.3011488080335045
2022-03-11 00:00:00+00:00,340.32000732421875,345.38995,1.4897585154999198
2022-03-14 00:00:00+00:00,331.010009765625,341.26614,3.098436219637311
2022-03-15 00:00:00+00:00,343.75,336.1521,2.210298295454545
2022-03-16 00:00:00+00:00,357.5299987792969,332.9612,6.871811234016212
2022-03-17 00:00:00+00:00,371.3999938964844,332.91202,10.362944724481071
2022-03-18 00:00:00+00:00,380.6000061035156,336.37006,11.621111203855895
2022-03-21 00:00:00+00:00,374.5899963378906,342.5463,8.554339807561409
2022-03-22 00:00:00+00:00,382.9200134277344,348.6999,8.936624383952116
2022-03-23 00:00:00+00:00,374.489990234375,355.4111,5.094632283098563
2022-03-24 00:00:00+00:00,375.7099914550781,360.40738,4.072985188768173
2022-03-25 00:00:00+00:00,373.8500061035156,364.13794,2.5978511413214855
2022-03-28 00:00:00+00:00,378.510009765625,366.40494,3.198085046411292
2022-03-29 00:00:00+00:00,391.82000732421875,368.19446,6.029694470618712
2022-03-30 00:00:00+00:00,381.4700012207031,371.19922,2.692422061456116
2022-03-31 00:00:00+00:00,374.5899963378906,372.86356,0.4608880233230261
2022-04-01 00:00:00+00:00,373.4700012207031,372.75955,0.19022925976058733
2022-04-04 00:00:00+00:00,391.5,371.57123,5.09036321140645
2022-04-05 00:00:00+00:00,380.1499938964844,372.34097,2.054194691956292
2022-04-06 00:00:00+00:00,368.3500061035156,372.22766,1.0527093701763524
2022-04-07 00:00:00+00:00,362.1499938964844,370.1744,2.215770867800613
2022-04-08 00:00:00+00:00,355.8800048828125,366.58017,3.0066777138674383
2022-04-11 00:00:00+00:00,348.0,361.74326,3.9492113836880387
2022-04-12 00:00:00+00:00,344.1000061035156,355.77002,3.391459814221475
2022-04-13 00:00:00+00:00,350.42999267578125,349.43625,0.28357843713559916
2022-04-14 00:00:00+00:00,341.1300048828125,344.5523,1.003225221208379
2022-04-18 00:00:00+00:00,337.8599853515625,339.71786,0.5498963236912018
2022-04-19 00:00:00+00:00,348.6099853515625,335.2246,3.8396421614440444
2022-04-20 00:00:00+00:00,226.19000244140625,332.98022,47.21261815965204
2022-04-21 00:00:00+00:00,218.2200012207031,315.91,44.766750020592596
2022-04-22 00:00:00+00:00,215.5200042724609,293.51294,36.18825799672184
2022-04-25 00:00:00+00:00,209.91000366210938,270.54388,28.885655546381816
2022-04-26 00:00:00+00:00,198.39999389648438,249.28918,25.64979447548757
2022-04-27 00:00:00+00:00,188.5399932861328,230.20152,22.096918969223196
2022-04-28 00:00:00+00:00,199.52000427246094,213.59605,7.054956647587828
2022-04-29 00:00:00+00:00,190.36000061035156,201.74213,5.979263405125898
2022-05-02 00:00:00+00:00,199.4600067138672,192.81267,3.3326675240332038
2022-05-03 00:00:00+00:00,199.8699951171875,187.73746,6.070214708657666
2022-05-04 00:00:00+00:00,204.00999450683597,185.45914,9.093112123643403
2022-05-05 00:00:00+00:00,188.32000732421875,185.57922,1.4553863555706084
2022-05-06 00:00:00+00:00,180.97000122070312,185.38171,2.437814343109852
2022-05-09 00:00:00+00:00,173.10000610351562,184.40521,6.5310259388826895
2022-05-10 00:00:00+00:00,177.66000366210938,182.30734,2.615861066864689
2022-05-11 00:00:00+00:00,166.3699951171875,180.35326,8.404917664720086
2022-05-12 00:00:00+00:00,174.30999755859375,177.4298,1.789797944252152
2022-05-13 00:00:00+00:00,187.63999938964844,175.19894,6.630278905520984
2022-05-16 00:00:00+00:00,186.50999450683594,174.9757,6.184280787906917
2022-05-17 00:00:00+00:00,190.55999755859375,175.73485,7.779780502764935
2022-05-18 00:00:00+00:00,177.19000244140625,177.45508,0.1495996839220125
2022-05-19 00:00:00+00:00,183.47999572753906,178.08482,2.9404688493410767
2022-05-20 00:00:00+00:00,186.35000610351562,178.7941,4.0546863191020055
2022-05-23 00:00:00+00:00,187.44000244140625,179.72775,4.114516461484909
2022-05-24 00:00:00+00:00,180.33999633789062,180.78642,0.24754707811190374
2022-05-25 00:00:00+00:00,187.8300018310547,181.01788,3.62674677307444
2022-05-26 00:00:00+00:00,191.39999389648438,181.60562,5.117227205289714
2022-05-27 00:00:00+00:00,195.19000244140625,182.6611,6.418822680349832
2022-05-31 00:00:00+00:00,197.44000244140625,184.26588,6.672466510884408
2022-06-01 00:00:00+00:00,192.91000366210938,186.24374,3.4556319729801346
2022-06-02 00:00:00+00:00,205.08999633789062,187.71472,8.472024461679228
2022-06-03 00:00:00+00:00,198.97999572753906,190.12099,4.4522107645398865
2022-06-06 00:00:00+00:00,197.13999938964844,192.0399,2.587043558912479
2022-06-07 00:00:00+00:00,198.61000061035156,193.31764,2.6646988480808966
2022-06-08 00:00:00+00:00,202.8300018310547,194.25687,4.2267590093094185
2022-06-09 00:00:00+00:00,192.77000427246094,195.3495,1.338122235744605
2022-06-10 00:00:00+00:00,182.94000244140625,195.24454,6.72599472389883
2022-06-13 00:00:00+00:00,169.69000244140625,193.43086,13.990724051966028
2022-06-14 00:00:00+00:00,167.5399932861328,189.40862,13.052777069665748
2022-06-15 00:00:00+00:00,180.11000061035156,184.3883,2.375384509029338
2022-06-16 00:00:00+00:00,173.35000610351562,180.6935,4.236221714466388
2022-06-17 00:00:00+00:00,175.50999450683594,177.29855,1.0190638800864842
2022-06-21 00:00:00+00:00,170.91000366210938,174.7281,2.2339827358112725
2022-06-22 00:00:00+00:00,178.88999938964844,172.3907,3.6331254502084875
2022-06-23 00:00:00+00:00,181.7100067138672,171.33617,5.709008832059864
2022-06-24 00:00:00+00:00,190.85000610351562,171.38803,10.197523958736591
2022-06-27 00:00:00+00:00,189.13999938964844,173.06572,8.498614696535729
2022-06-28 00:00:00+00:00,179.60000610351562,175.28831,2.400718896242447
2022-06-29 00:00:00+00:00,178.36000061035156,176.5951,0.9895199769424264
2022-06-30 00:00:00+00:00,174.8699951171875,177.1763,1.3188682999019221
2022-07-01 00:00:00+00:00,179.9499969482422,176.89874,1.695612294641244
2022-07-05 00:00:00+00:00,185.8800048828125,176.7227,4.926459337150603
2022-07-06 00:00:00+00:00,184.05999755859375,177.22653,3.7126293962904713
2022-07-07 00:00:00+00:00,189.27000427246094,177.83548,6.041382299369744
2022-07-08 00:00:00+00:00,186.97999572753906,179.03256,4.2504191107483065
2022-07-11 00:00:00+00:00,177.33999633789062,180.16312,1.5919252145514504
2022-07-12 00:00:00+00:00,174.4499969482422,180.10332,3.240653718198282
2022-07-13 00:00:00+00:00,176.55999755859375,179.11003,1.444287270387889
2022-07-14 00:00:00+00:00,174.77999877929688,177.9158,1.794143062454177
2022-07-15 00:00:00+00:00,189.11000061035156,176.50746,6.664131469422753
2022-07-18 00:00:00+00:00,190.9199981689453,176.6892,7.453805038677258
2022-07-19 00:00:00+00:00,201.6300048828125,177.86984,11.784040955276001
2022-07-20 00:00:00+00:00,216.44000244140625,180.6896,16.517462726509542
2022-07-21 00:00:00+00:00,223.8800048828125,185.75385,17.029729692888594
2022-07-22 00:00:00+00:00,220.44000244140625,192.36502,12.735883405243364
2022-07-25 00:00:00+00:00,218.50999450683594,198.79353,9.023139296735376
2022-07-26 00:00:00+00:00,213.91000366210938,204.27455,4.504442104413172
2022-07-27 00:00:00+00:00,226.75,208.11507,8.218272754875276
2022-07-28 00:00:00+00:00,226.02000427246094,212.08975,6.163282812083648
2022-07-29 00:00:00+00:00,224.89999389648438,215.50912,4.175575542677593
2022-08-01 00:00:00+00:00,226.21000671386722,218.11009,3.580705676308498
2022-08-02 00:00:00+00:00,221.41999816894534,220.10439,0.594170718023832
2022-08-03 00:00:00+00:00,226.72999572753906,220.94229,2.5526858275640376
2022-08-04 00:00:00+00:00,229.91000366210938,221.66322,3.586960229720067
2022-08-05 00:00:00+00:00,226.77999877929688,222.53793,1.870564182256608
2022-08-08 00:00:00+00:00,233.49000549316403,222.99849,4.4933469812215945
2022-08-09 00:00:00+00:00,229.94000244140625,223.97762,2.5930186229689567
2022-08-10 00:00:00+00:00,244.11000061035156,224.6605,7.967511924777064
2022-08-11 00:00:00+00:00,242.69999694824222,226.7983,6.551999621265167
2022-08-12 00:00:00+00:00,249.3000030517578,229.24394,8.044950078420872
2022-08-15 00:00:00+00:00,249.11000061035156,232.41359,6.7024250700108965
2022-08-16 00:00:00+00:00,245.69000244140625,235.57942,4.115177802868546
2022-08-17 00:00:00+00:00,241.14999389648435,237.99922,1.3065611339302083
2022-08-18 00:00:00+00:00,245.16999816894528,239.21106,2.4305333618049434
2022-08-19 00:00:00+00:00,241.16000366210938,240.10631,0.4369280405996661
2022-08-22 00:00:00+00:00,226.53999328613278,240.1797,6.020883674799335
2022-08-23 00:00:00+00:00,224.55000305175784,238.04982,6.0119424230956575
2022-08-24 00:00:00+00:00,229.61000061035156,234.78499,2.2538163752504445
2022-08-25 00:00:00+00:00,233.97999572753906,231.81909,0.923542170323122
2022-08-26 00:00:00+00:00,223.2799987792969,229.79659,2.9185714525877824
2022-08-29 00:00:00+00:00,224.57000732421875,227.2292,1.1841273810219453
2022-08-30 00:00:00+00:00,220.64999389648438,224.8994,1.9258577044058862
2022-08-31 00:00:00+00:00,223.55999755859378,222.4868,0.48004849832383917
2022-09-01 00:00:00+00:00,230.0399932861328,220.67438,4.0712989558634005
2022-09-02 00:00:00+00:00,226.11000061035153,220.13924,2.6406457671217547
2022-09-06 00:00:00+00:00,218.38999938964847,219.89264,0.6880533791415946
2022-09-07 00:00:00+00:00,228.96000671386716,218.99908,4.350507490008567
2022-09-08 00:00:00+00:00,227.44000244140625,219.14642,3.6464909481783514
2022-09-09 00:00:00+00:00,233.57000732421872,219.60591,5.978548457187971
2022-09-12 00:00:00+00:00,236.52999877929688,220.94424,6.589335168886598
2022-09-13 00:00:00+00:00,218.1300048828125,222.95056,2.2099466064812043
2022-09-14 00:00:00+00:00,224.11999511718747,222.96124,0.5170232315953492
2022-09-15 00:00:00+00:00,235.3800048828125,222.702,5.3861877688018
2022-09-16 00:00:00+00:00,240.13000488281253,223.55826,6.9011562442016325
2022-09-19 00:00:00+00:00,243.6300048828125,225.41635,7.475948446175175
2022-09-20 00:00:00+00:00,242.85000610351562,228.03654,6.09983979057289
2022-09-21 00:00:00+00:00,236.86999511718753,230.70522,2.602600494011934
2022-09-22 00:00:00+00:00,237.05000305175784,232.42114,1.9526936992370207
2022-09-23 00:00:00+00:00,226.4100036621094,233.47621,3.120978654409481
2022-09-26 00:00:00+00:00,224.07000732421878,232.7551,3.876060529047594
2022-09-27 00:00:00+00:00,224.36000061035156,230.90044,2.915152332511565
2022-09-28 00:00:00+00:00,245.1999969482422,228.62602,6.759369826939069
2022-09-29 00:00:00+00:00,239.7100067138672,228.79147,4.554892586619612
2022-09-30 00:00:00+00:00,235.44000244140625,229.48686,2.5285169032694923
2022-10-03 00:00:00+00:00,239.0399932861328,229.98395,3.7885064368230643
2022-10-04 00:00:00+00:00,240.7400054931641,230.78845,4.133734783440125
2022-10-05 00:00:00+00:00,236.72999572753906,231.84798,2.0622731090603486
2022-10-06 00:00:00+00:00,240.02000427246094,232.44968,3.1540403399858015
2022-10-07 00:00:00+00:00,224.75,233.15398,3.739255368378059
2022-10-10 00:00:00+00:00,229.97999572753906,231.99081,0.8743449512137399
2022-10-11 00:00:00+00:00,214.28999328613284,230.64754,7.633368079614851
2022-10-12 00:00:00+00:00,220.8699951171875,227.42307,2.966935397849082
2022-10-13 00:00:00+00:00,232.50999450683594,224.39165,3.491612128411136
2022-10-14 00:00:00+00:00,230.00000000000003,223.08037,3.0085356339164524
2022-10-17 00:00:00+00:00,245.1000061035156,222.4962,9.222278653247223
2022-10-18 00:00:00+00:00,240.86000061035156,224.21283,6.911554836138432
2022-10-19 00:00:00+00:00,272.3800048828125,226.45181,16.86180751719709
2022-10-20 00:00:00+00:00,268.1600036621094,232.56123,13.27519751471111
2022-10-21 00:00:00+00:00,289.57000732421875,239.49182,17.293982376802553
2022-10-24 00:00:00+00:00,282.45001220703125,248.83884,11.899866909006516
2022-10-25 00:00:00+00:00,291.0199890136719,257.5333,11.506664696617909
2022-10-26 00:00:00+00:00,298.6199951171875,266.0556,10.904960358419569
2022-10-27 00:00:00+00:00,296.94000244140625,274.38754,7.594955051988
2022-10-28 00:00:00+00:00,295.7200012207031,281.3743,4.851110194028927
2022-10-31 00:00:00+00:00,291.8800048828125,286.63605,1.796614167399599
2022-11-01 00:00:00+00:00,286.75,289.78485,1.0583613162053183
2022-11-02 00:00:00+00:00,273.0,290.68958,6.479697873740843
2022-11-03 00:00:00+00:00,269.05999755859375,288.44553,7.204909217406612
2022-11-04 00:00:00+00:00,260.7900085449219,284.25204,8.996524162761816
2022-11-07 00:00:00+00:00,258.6000061035156,278.35248,7.638233355617695
2022-11-08 00:00:00+00:00,263.4599914550781,271.92084,3.211434837045556
2022-11-09 00:00:00+00:00,254.66000366210938,266.50357,4.650736952884699
2022-11-10 00:00:00+00:00,274.9700012207031,261.10443,5.0425755561714
2022-11-11 00:00:00+00:00,290.1300048828125,258.9449,10.748670976482542
2022-11-14 00:00:00+00:00,299.2699890136719,260.53217,12.944105626494483
2022-11-15 00:00:00+00:00,310.20001220703125,265.11703,14.53351886550957
2022-11-16 00:00:00+00:00,306.0199890136719,272.26462,11.03044647591368
2022-11-17 00:00:00+00:00,295.2799987792969,279.52,5.337310292189689
2022-11-18 00:00:00+00:00,287.9800109863281,284.76917,1.1149544498830024
2022-11-21 00:00:00+00:00,285.04998779296875,287.48572,0.854492224092925
2022-11-22 00:00:00+00:00,286.69000244140625,288.1321,0.5030200362817372
2022-11-23 00:00:00+00:00,291.5,287.72205,1.2960391429030875
2022-11-25 00:00:00+00:00,285.5400085449219,287.30362,0.6176405362004793
2022-11-28 00:00:00+00:00,281.1700134277344,286.0814,1.7467641350692293
2022-11-29 00:00:00+00:00,280.9599914550781,284.04065,1.0964756736465564
2022-11-30 00:00:00+00:00,305.5299987792969,281.7698,7.776713568560971
2022-12-01 00:00:00+00:00,316.95001220703125,282.7162,10.801017310336075
2022-12-02 00:00:00+00:00,320.4100036621094,286.54703,10.568638833739158
2022-12-05 00:00:00+00:00,312.5899963378906,291.9479,6.603567000089525
2022-12-06 00:00:00+00:00,305.55999755859375,296.63898,2.9195642685858503
2022-12-07 00:00:00+00:00,308.4200134277344,299.60287,2.85880886064514
2022-12-08 00:00:00+00:00,310.260009765625,301.6829,2.764493537662542
2022-12-09 00:00:00+00:00,320.010009765625,303.18738,5.2569080099270575
2022-12-12 00:00:00+00:00,315.17999267578125,305.3995,3.103143374524996
2022-12-13 00:00:00+00:00,320.3399963378906,306.98666,4.168487442150783
2022-12-14 00:00:00+00:00,317.8299865722656,308.7559,2.8550159088353686
2022-12-15 00:00:00+00:00,290.4100036621094,310.00888,6.748692092552086
2022-12-16 00:00:00+00:00,290.7099914550781,307.26962,5.696271829107436
2022-12-19 00:00:00+00:00,288.29998779296875,302.95325,5.082643044669988
2022-12-20 00:00:00+00:00,288.19000244140625,297.86368,3.3567005986185077
2022-12-21 00:00:00+00:00,297.9599914550781,292.8987,1.6986439260379904
2022-12-22 00:00:00+00:00,297.75,289.80716,2.6676206804943323
2022-12-23 00:00:00+00:00,294.9599914550781,287.98386,2.3651123732042496
2022-12-27 00:00:00+00:00,284.1700134277344,286.7688,0.9145178159522828
2022-12-28 00:00:00+00:00,276.8800048828125,284.7337,2.8364990580640783
2022-12-29 00:00:00+00:00,291.1199951171875,281.7021,3.235060412477907
2022-12-30 00:00:00+00:00,294.8800048828125,280.35242,4.926610027830939
2023-01-03 00:00:00+00:00,294.95001220703125,280.42255,4.925399294479562
2023-01-04 00:00:00+00:00,309.4100036621094,281.29684,9.086053730308095
2023-01-05 00:00:00+00:00,309.70001220703125,284.40854,8.166442490084497
2023-01-06 00:00:00+00:00,315.54998779296875,288.35043,8.619729201575792
2023-01-09 00:00:00+00:00,315.1700134277344,293.1148,6.997875863556792
2023-01-10 00:00:00+00:00,327.5400085449219,297.72037,9.104121736380645
2023-01-11 00:00:00+00:00,327.260009765625,303.33078,7.311993223206713
2023-01-12 00:00:00+00:00,330.1300048828125,308.69012,6.494374959557023
2023-01-13 00:00:00+00:00,332.82000732421875,313.6727,5.753052078674135
2023-01-17 00:00:00+00:00,326.2200012207031,318.16537,2.469078056128881
2023-01-18 00:00:00+00:00,326.3299865722656,320.92874,1.6551482669188897
2023-01-19 00:00:00+00:00,315.7799987792969,322.44678,2.111209889867861
2023-01-20 00:00:00+00:00,342.5,321.63177,6.092912437271898
2023-01-23 00:00:00+00:00,357.4200134277344,323.18582,9.578140733144187
2023-01-24 00:00:00+00:00,363.8299865722656,327.4602,9.996367214475514
2023-01-25 00:00:00+00:00,367.9599914550781,333.43756,9.382115235790927
2023-01-26 00:00:00+00:00,364.8699951171875,340.1714,6.769153048746827
2023-01-27 00:00:00+00:00,360.7699890136719,346.07974,4.071914801503775
2023-01-30 00:00:00+00:00,353.1099853515625,350.2955,0.7970558067838199
2023-01-31 00:00:00+00:00,353.8599853515625,352.02878,0.5174948711907358
2023-02-01 00:00:00+00:00,361.989990234375,352.2945,2.6783877640349334
2023-02-02 00:00:00+00:00,366.8900146484375,352.7055,3.8661475404108985
2023-02-03 00:00:00+00:00,365.8999938964844,353.62457,3.3548568864012953
2023-02-06 00:00:00+00:00,361.4800109863281,354.47253,1.938551674688773
2023-02-07 00:00:00+00:00,362.95001220703125,354.56622,2.3099018543958008
2023-02-08 00:00:00+00:00,366.8299865722656,354.45813,3.3726404989565557
2023-02-09 00:00:00+00:00,362.5,354.71884,2.146526468211207
2023-02-10 00:00:00+00:00,347.3599853515625,354.48517,2.0512388893203584
2023-02-13 00:00:00+00:00,358.57000732421875,351.9985,1.832697256133006
2023-02-14 00:00:00+00:00,359.9599914550781,350.26382,2.6936790816647056
2023-02-15 00:00:00+00:00,361.4200134277344,349.14243,3.3970415125004947
2023-02-16 00:00:00+00:00,350.7099914550781,348.67474,0.5803221614218158
2023-02-17 00:00:00+00:00,347.9599914550781,347.17316,0.22612792738226514
2023-02-21 00:00:00+00:00,337.5,345.0706,2.243136935763889
2023-02-22 00:00:00+00:00,334.8800048828125,341.5094,1.9796328340265887
2023-02-23 00:00:00+00:00,323.6499938964844,337.35138,4.233395877161394
2023-02-24 00:00:00+00:00,317.1499938964844,331.87988,4.644455052653528
2023-02-27 00:00:00+00:00,323.0299987792969,325.61996,0.8017725381852343
2023-02-28 00:00:00+00:00,322.1300048828125,320.52975,0.49677155803067125
2023-03-01 00:00:00+00:00,313.4800109863281,316.50684,0.96555596691742
2023-03-02 00:00:00+00:00,311.8800048828125,312.47665,0.19130728503934172
2023-03-03 00:00:00+00:00,315.17999267578125,308.87808,1.9994639719638747
2023-03-06 00:00:00+00:00,312.0299987792969,306.43954,1.7916399459773433
2023-03-07 00:00:00+00:00,308.4700012207031,304.53333,1.2761941225441966
2023-03-08 00:00:00+00:00,311.7900085449219,302.78607,2.8878208155540883
2023-03-09 00:00:00+00:00,297.7799987792969,301.85883,1.3697450873186232
2023-03-10 00:00:00+00:00,292.760009765625,299.68835,2.3665611748370714
2023-03-13 00:00:00+00:00,293.510009765625,296.64246,1.067236613689542
2023-03-14 00:00:00+00:00,294.94000244140625,293.62964,0.44428146697109056
2023-03-15 00:00:00+00:00,303.7900085449219,291.16776,4.154927108507019
2023-03-16 00:00:00+00:00,310.05999755859375,290.43634,6.3289870931686725
2023-03-17 00:00:00+00:00,303.5,291.49585,3.955239008443163
2023-03-20 00:00:00+00:00,305.1300048828125,292.5833,4.111916787518128
2023-03-21 00:00:00+00:00,305.7900085449219,293.89905,3.8886034079208778
2023-03-22 00:00:00+00:00,293.8999938964844,295.2805,0.46971527483213515
2023-03-23 00:00:00+00:00,320.3699951171875,295.02136,7.9122992785974775
2023-03-24 00:00:00+00:00,328.3900146484375,297.4093,9.43412147406243
2023-03-27 00:00:00+00:00,327.6600036621094,301.73184,7.913129869775462
2023-03-28 00:00:00+00:00,323.5199890136719,306.5068,5.258773544601915
2023-03-29 00:00:00+00:00,332.0299987792969,310.4931,6.486430693350958
2023-03-30 00:00:00+00:00,338.42999267578125,314.73584,7.001197690752677
2023-03-31 00:00:00+00:00,345.4800109863281,319.34476,7.564910580972589
2023-04-03 00:00:00+00:00,348.2799987792969,324.45865,6.839712352460328
2023-04-04 00:00:00+00:00,346.75,329.52808,4.966668731975487
2023-04-05 00:00:00+00:00,342.3500061035156,333.71988,2.52084907237172
2023-04-06 00:00:00+00:00,339.3299865722656,336.32156,0.8865773643974166
2023-04-10 00:00:00+00:00,338.989990234375,337.31973,0.492715896184596
2023-04-11 00:00:00+00:00,338.2099914550781,337.22128,0.29233568524691933
2023-04-12 00:00:00+00:00,331.0299987792969,336.34546,1.605733687182239
2023-04-13 00:00:00+00:00,346.19000244140625,334.12634,3.4846932559846415
2023-04-14 00:00:00+00:00,338.6300048828125,333.47952,1.520976317357574
2023-04-17 00:00:00+00:00,332.7200012207031,332.53,0.05710580689743857
2023-04-18 00:00:00+00:00,333.70001220703125,330.8323,0.8593665549670306
2023-04-19 00:00:00+00:00,323.1199951171875,329.1099,1.8537691174042754
2023-04-20 00:00:00+00:00,325.3500061035156,326.13818,0.24225525601607117
2023-04-21 00:00:00+00:00,327.9800109863281,323.246,1.4433833253514459
2023-04-24 00:00:00+00:00,329.0199890136719,321.03973,2.425462097569251
2023-04-25 00:00:00+00:00,322.54998779296875,319.58405,0.9195295287737582
2023-04-26 00:00:00+00:00,321.1499938964844,317.87625,1.0193812044214048
2023-04-27 00:00:00+00:00,325.8500061035156,316.1567,2.974773103660583
2023-04-28 00:00:00+00:00,329.92999267578125,315.28543,4.438687628490079
2023-05-01 00:00:00+00:00,324.1199951171875,315.48798,2.663217071766212
2023-05-02 00:00:00+00:00,317.54998779296875,315.489,0.6490235239553628
2023-05-03 00:00:00+00:00,319.29998779296875,314.6269,1.4635439654808233
2023-05-04 00:00:00+00:00,320.7799987792969,313.71213,2.2033390861793842
2023-05-05 00:00:00+00:00,322.760009765625,313.04904,3.0087271420737127
2023-05-08 00:00:00+00:00,331.2099914550781,312.8559,5.541528315118397
2023-05-09 00:00:00+00:00,332.1400146484375,314.04843,5.44697490638177
2023-05-10 00:00:00+00:00,335.4200134277344,315.9203,5.813524703706464
2023-05-11 00:00:00+00:00,344.760009765625,318.41068,7.6428048411733425
2023-05-12 00:00:00+00:00,339.8900146484375,322.1737,5.21236512701755
2023-05-15 00:00:00+00:00,335.8900146484375,325.4726,3.101437666879512
2023-05-16 00:00:00+00:00,333.75,327.67563,1.8200363559222845
2023-05-17 00:00:00+00:00,339.9599914550781,328.7601,3.294473002185226
2023-05-18 00:00:00+00:00,371.2900085449219,329.90863,11.145298074677775
2023-05-19 00:00:00+00:00,365.3599853515625,335.01334,8.305958612495903
2023-05-22 00:00:00+00:00,363.010009765625,340.53906,6.190172904635114
2023-05-23 00:00:00+00:00,355.989990234375,345.45593,2.9590881502741513
2023-05-24 00:00:00+00:00,364.8500061035156,348.53033,4.472981049157264
2023-05-25 00:00:00+00:00,359.0,351.45728,2.1010374956476325
2023-05-26 00:00:00+00:00,378.8800048828125,352.979,6.8362016054591415
2023-05-30 00:00:00+00:00,392.9800109863281,356.25717,9.344709229179179
2023-05-31 00:00:00+00:00,395.2300109863281,361.71823,8.479057473779616
2023-06-01 00:00:00+00:00,403.1300048828125,367.8538,8.750580252607087
2023-06-02 00:00:00+00:00,400.4700012207031,374.68887,6.437717644543181
2023-06-05 00:00:00+00:00,403.5400085449219,380.5952,5.68587828104228
2023-06-06 00:00:00+00:00,399.2900085449219,385.69827,3.403975944545735
2023-06-07 00:00:00+00:00,399.7699890136719,389.03714,2.6847560887635047
2023-06-08 00:00:00+00:00,409.36999511718756,391.0429,4.476900510770809
2023-06-09 00:00:00+00:00,420.0199890136719,393.29785,6.362110887608745
2023-06-12 00:00:00+00:00,423.9700012207031,396.66718,6.439801365455933
2023-06-13 00:00:00+00:00,435.7300109863281,400.57587,8.06787308671571
2023-06-14 00:00:00+00:00,440.85998535156244,405.85495,7.9401707035116615
2023-06-15 00:00:00+00:00,445.2699890136719,411.75,7.528014427364125
2023-06-16 00:00:00+00:00,431.9599914550781,417.77692,3.2834232872807276
2023-06-20 00:00:00+00:00,434.7000122070313,421.1522,3.1165909051020715
2023-06-21 00:00:00+00:00,424.4500122070312,423.19226,0.2963249920299703
2023-06-22 00:00:00+00:00,422.4800109863282,422.65643,0.04175869024635993
2023-06-23 00:00:00+00:00,424.0199890136719,420.56454,0.8149248680410877
2023-06-26 00:00:00+00:00,415.94000244140625,418.0188,0.4997827510018326
2023-06-27 00:00:00+00:00,417.0799865722657,414.2876,0.6695092082851251
2023-06-28 00:00:00+00:00,429.8399963378906,410.59695,4.4767918658413635
2023-06-29 00:00:00+00:00,428.23999023437494,409.10297,4.468761526756886
2023-06-30 00:00:00+00:00,440.489990234375,408.54974,7.2510720538817575
2023-07-03 00:00:00+00:00,441.44000244140625,410.36148,7.040259504493089
2023-07-05 00:00:00+00:00,445.8999938964843,413.22614,7.3276203386007
2023-07-06 00:00:00+00:00,438.8399963378906,416.98987,4.979064888380031
2023-07-07 00:00:00+00:00,438.1000061035156,419.76016,4.186223121317786
2023-07-10 00:00:00+00:00,441.7099914550781,421.68036,4.5345663344353815
2023-07-11 00:00:00+00:00,440.2099914550781,423.40933,3.816510189637971
2023-07-12 00:00:00+00:00,444.04998779296875,424.52835,4.396270127135389
2023-07-13 00:00:00+00:00,450.38000488281256,425.72455,5.474367484272326
2023-07-14 00:00:00+00:00,441.9100036621093,427.62503,3.23255256186816
2023-07-17 00:00:00+00:00,450.0499877929687,428.36002,4.819458396209502
2023-07-18 00:00:00+00:00,474.79998779296875,429.65,9.509266018804434
2023-07-19 00:00:00+00:00,477.58999633789057,434.4283,9.037392420248622
2023-07-20 00:00:00+00:00,437.4200134277344,440.50983,0.7063721680700691
2023-07-21 00:00:00+00:00,427.5,440.8325,3.118710880391082
2023-07-24 00:00:00+00:00,428.36999511718744,437.23782,2.070132938866259
2023-07-25 00:00:00+00:00,427.70001220703125,432.1281,1.0353286087338351
2023-07-26 00:00:00+00:00,422.6700134277343,426.59286,0.9281121058687934
2023-07-27 00:00:00+00:00,413.1700134277344,420.7325,1.8303603248600038
2023-07-28 00:00:00+00:00,425.7799987792969,414.12473,2.7373933653331406
2023-07-31 00:00:00+00:00,438.9700012207031,409.8357,6.636970130147943
2023-08-01 00:00:00+00:00,438.61999511718744,408.98962,6.755362597145965
2023-08-02 00:00:00+00:00,429.70001220703125,409.93826,4.598964092664915
2023-08-03 00:00:00+00:00,431.0,410.61395,4.729941383591937
2023-08-04 00:00:00+00:00,431.60000610351557,411.47293,4.663363046960925
2023-08-07 00:00:00+00:00,440.76000976562506,412.43817,6.42568240117031
2023-08-08 00:00:00+00:00,438.29998779296875,414.66263,5.392963786781063
2023-08-09 00:00:00+00:00,428.8999938964843,416.8463,2.8103708536845984
2023-08-10 00:00:00+00:00,429.9800109863281,417.49634,2.9033147534153776
2023-08-11 00:00:00+00:00,421.6600036621094,417.54657,0.9755333211984841
2023-08-14 00:00:00+00:00,427.7799987792968,416.05557,2.740760742201072
2023-08-15 00:00:00+00:00,423.70001220703125,414.88208,2.0811734422602686
2023-08-16 00:00:00+00:00,415.45001220703125,413.32605,0.5112437934615622
2023-08-17 00:00:00+00:00,403.0,410.6528,1.8989581919781326
2023-08-18 00:00:00+00:00,404.5299987792969,406.07343,0.38153573735675816
2023-08-21 00:00:00+00:00,408.2900085449219,401.40482,1.6863486068717282
2023-08-22 00:00:00+00:00,413.1700134277344,397.72974,3.737027518409189
2023-08-23 00:00:00+00:00,427.5499877929687,395.67377,7.455554113723954
2023-08-24 00:00:00+00:00,406.9299926757813,396.72925,2.506756644264774
2023-08-25 00:00:00+00:00,416.0299987792969,396.32678,4.736008607683816
2023-08-28 00:00:00+00:00,418.0599975585937,396.8504,5.073337523423247
2023-08-29 00:00:00+00:00,429.98999023437494,397.986,7.442963447890932
2023-08-30 00:00:00+00:00,434.6700134277344,400.9962,7.746986699048751
2023-08-31 00:00:00+00:00,433.6799926757813,405.1836,6.570835502454268
2023-09-01 00:00:00+00:00,439.8800048828125,409.34918,6.940716198736949
2023-09-05 00:00:00+00:00,448.67999267578125,413.91602,7.748055990520153
2023-09-06 00:00:00+00:00,445.76000976562494,419.29236,5.937645995006103
2023-09-07 00:00:00+00:00,443.1400146484375,423.899,4.341974815182511
2023-09-08 00:00:00+00:00,442.7999877929687,427.18103,3.527316610233025
2023-09-11 00:00:00+00:00,445.3599853515625,429.28165,3.610189319176217
2023-09-12 00:00:00+00:00,434.69000244140625,430.777,0.9001804418754891
2023-09-13 00:00:00+00:00,412.23999023437506,430.13342,4.340537803480517
2023-09-14 00:00:00+00:00,400.489990234375,425.33533,6.203734804838067
2023-09-15 00:00:00+00:00,396.94000244140625,417.48477,5.175787061205065
2023-09-18 00:00:00+00:00,394.3999938964844,408.50717,3.5768706776597012
2023-09-19 00:00:00+00:00,396.20001220703125,399.61322,0.861486093551394
2023-09-20 00:00:00+00:00,386.29998779296875,392.09082,1.499050660761282
2023-09-21 00:00:00+00:00,384.1499938964844,384.8288,0.17670246024194644
2023-09-22 00:00:00+00:00,379.80999755859375,378.49783,0.3454791382731298
2023-09-25 00:00:00+00:00,384.79998779296875,372.93546,3.083298556934081
2023-09-26 00:00:00+00:00,379.25,369.30017,2.623554146753461
2023-09-27 00:00:00+00:00,377.5899963378906,366.4144,2.95971775018389
2023-09-28 00:00:00+00:00,376.3599853515625,364.25644,3.215949254348082
2023-09-29 00:00:00+00:00,377.6000061035156,362.715,3.9420046411610516
2023-10-02 00:00:00+00:00,380.3299865722656,361.97922,4.824959821957652
2023-10-03 00:00:00+00:00,376.75,362.21838,3.8570978662076976
2023-10-04 00:00:00+00:00,376.8999938964844,362.52084,3.815110274205585
2023-10-05 00:00:00+00:00,372.5899963378906,362.9694,2.582089042461935
2023-10-06 00:00:00+00:00,381.510009765625,362.90643,4.876301062607789
2023-10-09 00:00:00+00:00,385.95001220703125,363.889,5.716026412984776
2023-10-10 00:00:00+00:00,373.32000732421875,365.83948,2.0037848597435617
2023-10-11 00:00:00+00:00,365.92999267578125,366.33942,0.11188583508314795
2023-10-12 00:00:00+00:00,361.20001220703125,365.17554,1.1006436234739312
2023-10-13 00:00:00+00:00,355.67999267578125,362.6759,1.9669114902699478
2023-10-16 00:00:00+00:00,360.82000732421875,359.02145,0.4984627876194141
2023-10-17 00:00:00+00:00,355.7200012207031,355.9145,0.05467461057101381
2023-10-18 00:00:00+00:00,346.19000244140625,352.69635,1.8794152374031137
2023-10-19 00:00:00+00:00,401.7699890136719,348.59167,13.236009573421564
2023-10-20 00:00:00+00:00,400.9599914550781,352.15268,12.17261398939024
2023-10-23 00:00:00+00:00,406.8399963378906,358.70654,11.831052453644359
2023-10-24 00:00:00+00:00,413.7300109863281,367.11703,11.26652039650058
2023-10-25 00:00:00+00:00,411.25,376.52426,8.443948577602583
2023-10-26 00:00:00+00:00,403.5400085449219,384.96848,4.602154138344284
2023-10-27 00:00:00+00:00,397.8699951171875,390.8293,1.7695930877036563
2023-10-30 00:00:00+00:00,410.0799865722656,393.82068,3.9649113328438075
2023-10-31 00:00:00+00:00,411.69000244140625,396.54422,3.6789288981722956
2023-11-01 00:00:00+00:00,420.19000244140625,398.7196,5.109687956512651
2023-11-02 00:00:00+00:00,424.7099914550781,401.40942,5.4862301560469975
2023-11-03 00:00:00+00:00,432.35998535156244,404.48703,6.446700959063404
2023-11-06 00:00:00+00:00,434.73999023437506,408.351,6.070059723871871
2023-11-07 00:00:00+00:00,434.6099853515625,412.34338,5.123352502931614
2023-11-08 00:00:00+00:00,436.64999389648443,415.81833,4.770792472288702
2023-11-09 00:00:00+00:00,435.1499938964844,418.81772,3.7532518946812172
2023-11-10 00:00:00+00:00,447.239990234375,420.878,5.8943744046465545
2023-11-13 00:00:00+00:00,444.61999511718756,423.8299,4.675925582738739
2023-11-14 00:00:00+00:00,448.6499938964844,426.27448,4.987299476926052
2023-11-15 00:00:00+00:00,461.9400024414062,428.70667,7.194297360415135
2023-11-16 00:00:00+00:00,466.9500122070313,432.59357,7.357628100300266
2023-11-17 00:00:00+00:00,465.9100036621094,437.2448,6.152516886325412
2023-11-20 00:00:00+00:00,474.4700012207031,441.486,6.9517585314566075
2023-11-21 00:00:00+00:00,474.9500122070312,446.18274,6.056905402642459
2023-11-22 00:00:00+00:00,478.0,450.4219,5.769475833142652
2023-11-24 00:00:00+00:00,479.55999755859375,454.26517,5.274591386070529
2023-11-27 00:00:00+00:00,479.17001342773443,457.5261,4.516960638585904
2023-11-28 00:00:00+00:00,479.0,459.91803,3.9837098569611173
2023-11-29 00:00:00+00:00,477.1900024414062,461.4535,3.297745373951116
2023-11-30 00:00:00+00:00,473.9700012207032,462.00388,2.524658830192357
2023-12-01 00:00:00+00:00,465.739990234375,461.4499,0.9211362965626673
2023-12-04 00:00:00+00:00,453.8999938964844,459.17618,1.1624111374706312
2023-12-05 00:00:00+00:00,455.1499938964844,454.6388,0.11231461233154232
2023-12-06 00:00:00+00:00,446.7300109863281,449.74698,0.6753447718402407
2023-12-07 00:00:00+00:00,452.00000000000006,443.97354,1.775765208016467
2023-12-08 00:00:00+00:00,453.760009765625,439.29037,3.1888299317605013
2023-12-11 00:00:00+00:00,459.8900146484375,435.9151,5.2131844108659005
2023-12-12 00:00:00+00:00,463.00000000000006,434.53305,6.148369214447231
2023-12-13 00:00:00+00:00,479.9800109863281,434.79938,9.41302398241097
2023-12-14 00:00:00+00:00,469.8299865722656,438.37152,6.695712592906876
2023-12-15 00:00:00+00:00,472.0599975585938,441.66058,6.439735249697105
2023-12-18 00:00:00+00:00,486.11999511718744,444.9803,8.462871284020887
2023-12-19 00:00:00+00:00,495.0199890136718,449.91766,9.111212969262015
2023-12-20 00:00:00+00:00,489.2699890136719,456.183,6.76251882204279
2023-12-21 00:00:00+00:00,491.6099853515625,461.456,6.1337223810974635
2023-12-22 00:00:00+00:00,486.760009765625,465.98828,4.26734491307669
2023-12-26 00:00:00+00:00,491.1900024414062,468.7924,4.5598675490269915
2023-12-27 00:00:00+00:00,491.79000854492193,470.98096,4.231287979038142
2023-12-28 00:00:00+00:00,490.510009765625,472.50174,3.671335937115038
2023-12-29 00:00:00+00:00,486.88000488281256,473.21426,2.8067985601680534
2024-01-02 00:00:00+00:00,468.50000000000006,472.84195,0.9267768330609536
2024-01-03 00:00:00+00:00,470.260009765625,469.30243,0.20362789659352554
2024-01-04 00:00:00+00:00,474.6700134277344,465.00104,2.0369889726666224
2024-01-05 00:00:00+00:00,474.05999755859375,461.3247,2.686430112840236
2024-01-08 00:00:00+00:00,485.0299987792969,458.2179,5.527926796067037
2024-01-09 00:00:00+00:00,482.0899963378906,457.36514,5.128680060454038
2024-01-10 00:00:00+00:00,478.3299865722656,457.2368,4.409759219727909
2024-01-11 00:00:00+00:00,492.2300109863281,457.078,7.141378475929007
2024-01-12 00:00:00+00:00,492.1600036621094,459.00958,6.735699954467942
2024-01-16 00:00:00+00:00,481.239990234375,461.60623,4.079826893720902
2024-01-17 00:00:00+00:00,480.3299865722657,462.73193,3.6637423168391035
2024-01-18 00:00:00+00:00,485.30999755859375,463.0136,4.594256625850377
2024-01-19 00:00:00+00:00,482.95001220703125,463.51913,4.023372439054259
2024-01-22 00:00:00+00:00,485.7099914550781,463.64212,4.543425394161567
2024-01-23 00:00:00+00:00,492.1900024414063,463.9761,5.732318325266463
2024-01-24 00:00:00+00:00,544.8699951171875,465.25388,14.611947822093278
2024-01-25 00:00:00+00:00,562.0,474.31247,15.60276343729148
2024-01-26 00:00:00+00:00,570.4199829101562,488.018,14.44584341499852
2024-01-29 00:00:00+00:00,575.7899780273438,503.54196,12.547633532098553
2024-01-30 00:00:00+00:00,562.8499755859375,518.7746,7.830750702633583
2024-01-31 00:00:00+00:00,564.1099853515625,529.93445,6.0583109671558555
2024-02-01 00:00:00+00:00,567.510009765625,537.82355,5.231002430178088
2024-02-02 00:00:00+00:00,564.6400146484375,543.2597,3.786538237447765
2024-02-05 00:00:00+00:00,562.0599975585938,546.03534,2.8510582985323483
2024-02-06 00:00:00+00:00,555.8800048828125,546.55133,1.6781813043217606
2024-02-07 00:00:00+00:00,559.2999877929688,544.79065,2.5941960836010325
2024-02-08 00:00:00+00:00,558.530029296875,542.4877,2.8722463532771876
2024-02-09 00:00:00+00:00,561.3200073242188,539.85376,3.8242441528001394
2024-02-12 00:00:00+00:00,557.8499755859375,537.6698,3.617491559456243
2024-02-13 00:00:00+00:00,554.52001953125,535.35693,3.455796952777115
2024-02-14 00:00:00+00:00,579.3300170898438,532.7983,8.031991595221236
2024-02-15 00:00:00+00:00,593.4600219726562,533.99207,10.020549715429484
2024-02-16 00:00:00+00:00,583.9500122070312,538.53,7.778060101153528
2024-02-20 00:00:00+00:00,575.1300048828125,542.67664,5.642788389598564
2024-02-21 00:00:00+00:00,573.3499755859375,545.0807,4.930546492216221
2024-02-22 00:00:00+00:00,588.469970703125,546.1855,7.185495771816229
2024-02-23 00:00:00+00:00,583.5599975585938,548.62305,5.986865246034247
2024-02-26 00:00:00+00:00,587.6500244140625,550.41565,6.3361479542395776
2024-02-27 00:00:00+00:00,601.6699829101562,552.3164,8.202765313543308
2024-02-28 00:00:00+00:00,596.47998046875,555.9341,6.797528796462974
2024-02-29 00:00:00+00:00,602.9199829101562,558.96356,7.290589488553681
2024-03-01 00:00:00+00:00,619.3400268554688,562.328,9.205286507194499
2024-03-04 00:00:00+00:00,615.8300170898438,567.63617,7.825836077947947
2024-03-05 00:00:00+00:00,598.5,572.4456,4.353280254673141
2024-03-06 00:00:00+00:00,597.6900024414062,573.9862,3.965901435509208
2024-03-07 00:00:00+00:00,608.510009765625,573.8195,5.700890727503022
2024-03-08 00:00:00+00:00,604.8200073242188,574.24774,5.054770883035866
2024-03-11 00:00:00+00:00,600.9299926757812,574.10693,4.463591334923276
2024-03-12 00:00:00+00:00,611.0800170898438,573.1643,6.204704684958502
2024-03-13 00:00:00+00:00,609.4500122070312,573.3983,5.915447707809205
2024-03-14 00:00:00+00:00,613.010009765625,573.73737,6.406525736502092
2024-03-15 00:00:00+00:00,605.8800048828125,574.6155,5.160184544006299
2024-03-18 00:00:00+00:00,618.3900146484375,574.568,7.086469775759295
2024-03-19 00:00:00+00:00,620.739990234375,575.9569,7.214466887783175
2024-03-20 00:00:00+00:00,627.6900024414062,577.97906,7.919663736342596
2024-03-21 00:00:00+00:00,622.7100219726562,581.02405,6.694283478695034
2024-03-22 00:00:00+00:00,628.010009765625,583.3795,7.106653153620707
2024-03-25 00:00:00+00:00,627.4600219726562,585.9418,6.616875666626622
2024-03-26 00:00:00+00:00,629.239990234375,588.08704,6.540104688234155
2024-03-27 00:00:00+00:00,613.530029296875,589.9934,3.836262280547819
2024-03-28 00:00:00+00:00,607.3300170898438,589.24866,2.9771885720258138
2024-04-01 00:00:00+00:00,614.3099975585938,586.6316,4.505608873649943
2024-04-02 00:00:00+00:00,614.2100219726562,584.41644,4.850715233508331
2024-04-03 00:00:00+00:00,630.0800170898438,582.4636,7.557197935413826
2024-04-04 00:00:00+00:00,617.1400146484375,583.1148,5.513369205027839
2024-04-05 00:00:00+00:00,636.1799926757812,582.87805,8.378437161121665
2024-04-08 00:00:00+00:00,628.4099731445312,585.20624,6.875087474403569
2024-04-09 00:00:00+00:00,618.2000122070312,587.09216,5.032003964224434
2024-04-10 00:00:00+00:00,618.5800170898438,587.263,5.0627268479987055
2024-04-11 00:00:00+00:00,628.780029296875,586.7879,6.678349264972823
2024-04-12 00:00:00+00:00,622.8300170898438,587.4435,5.681571965634199
2024-04-15 00:00:00+00:00,607.1500244140625,587.5312,3.2312994581779266
2024-04-16 00:00:00+00:00,617.52001953125,585.2205,5.230518605086974
2024-04-17 00:00:00+00:00,613.6900024414062,583.7289,4.88212623413714
2024-04-18 00:00:00+00:00,610.5599975585938,582.05145,4.66924545267791
2024-04-19 00:00:00+00:00,555.0399780273438,580.116,4.517881737782164
2024-04-22 00:00:00+00:00,554.5999755859375,570.48126,2.8635570357382534
2024-04-23 00:00:00+00:00,577.75,559.078,3.2318471778991773
2024-04-24 00:00:00+00:00,555.1199951171875,551.3126,0.6858648725256693
2024-04-25 00:00:00+00:00,564.7999877929688,542.65546,3.9207740312694956
2024-04-26 00:00:00+00:00,561.22998046875,536.4787,4.410185235936346
2024-04-29 00:00:00+00:00,559.489990234375,531.70905,4.965405156324795
2024-04-30 00:00:00+00:00,550.6400146484375,528.1895,4.077164733953277
2024-05-01 00:00:00+00:00,551.7100219726562,524.6466,4.905369569067764
2024-05-02 00:00:00+00:00,565.1500244140625,521.9659,7.64118219957237
2024-05-03 00:00:00+00:00,579.3400268554688,522.0651,9.88623255579727
2024-05-06 00:00:00+00:00,596.969970703125,525.4993,11.972234048165602
2024-05-07 00:00:00+00:00,606.0,532.66394,12.101659995101073
2024-05-08 00:00:00+00:00,609.469970703125,542.0146,11.067876440730991
2024-05-09 00:00:00+00:00,612.0900268554688,551.81036,9.84816945893013
2024-05-10 00:00:00+00:00,610.8699951171875,561.0033,8.163226155703345
2024-05-13 00:00:00+00:00,616.5900268554688,568.51733,7.796540777063556
2024-05-14 00:00:00+00:00,613.6599731445312,575.0151,6.2974447009982395
2024-05-15 00:00:00+00:00,613.52001953125,579.5581,5.535583678010711
2024-05-16 00:00:00+00:00,610.52001953125,582.4623,4.595711583602926
2024-05-17 00:00:00+00:00,621.0999755859375,583.618,6.0347763809757415
2024-05-20 00:00:00+00:00,640.8200073242188,585.1764,8.683189520720399
2024-05-21 00:00:00+00:00,650.6099853515625,589.23193,9.433924031252973
2024-05-22 00:00:00+00:00,640.469970703125,594.9955,7.100174775526852
2024-05-23 00:00:00+00:00,635.6699829101562,599.2538,5.728790049791561
2024-05-24 00:00:00+00:00,646.75,601.69257,6.966746669042327
2024-05-28 00:00:00+00:00,649.0,604.47394,6.860718337707048
2024-05-29 00:00:00+00:00,654.6199951171875,607.08,7.262225166042069
2024-05-30 00:00:00+00:00,647.6599731445312,609.94946,5.822578485252601
2024-05-31 00:00:00+00:00,641.6199951171875,611.4361,4.704326416801952
2024-06-03 00:00:00+00:00,633.7899780273438,611.26215,3.554463278413986
2024-06-04 00:00:00+00:00,631.6199951171875,609.20294,3.549136093846603
2024-06-05 00:00:00+00:00,650.27001953125,606.20374,6.776613230831844
2024-06-06 00:00:00+00:00,648.52001953125,605.6832,6.605315287437066
2024-06-07 00:00:00+00:00,641.469970703125,605.8137,5.558522086531446
2024-06-10 00:00:00+00:00,644.5,605.3121,6.080361093265128
2024-06-11 00:00:00+00:00,648.5499877929688,605.1233,6.695967557585784
2024-06-12 00:00:00+00:00,650.0599975585938,605.6118,6.837550582911753
2024-06-13 00:00:00+00:00,653.260009765625,606.51263,7.156013652979181
2024-06-14 00:00:00+00:00,669.3800048828125,607.94037,9.178588512100076
2024-06-17 00:00:00+00:00,675.8300170898438,611.673,9.493073973437069
2024-06-18 00:00:00+00:00,685.6699829101562,616.71234,10.056972497015092
2024-06-20 00:00:00+00:00,679.030029296875,623.08044,8.239633380996777
2024-06-21 00:00:00+00:00,686.1199951171875,628.22284,8.438342589306126
2024-06-24 00:00:00+00:00,669.02001953125,633.23926,5.348234832168378
2024-06-25 00:00:00+00:00,672.4099731445312,634.9847,5.565844419845572
2024-06-26 00:00:00+00:00,677.6900024414062,635.6323,6.206034923215884
2024-06-27 00:00:00+00:00,684.3400268554688,636.22125,7.031413117126509
2024-06-28 00:00:00+00:00,674.8800048828125,637.4565,5.545211397353081
2024-07-01 00:00:00+00:00,673.6099853515625,637.3603,5.381406988095603
2024-07-02 00:00:00+00:00,679.5800170898438,636.5908,6.325847684785642
2024-07-03 00:00:00+00:00,682.510009765625,636.3873,6.75780281667973
2024-07-05 00:00:00+00:00,690.6500244140625,636.739,7.805836362334863
2024-07-08 00:00:00+00:00,685.739990234375,638.3879,6.905257457746056
2024-07-09 00:00:00+00:00,685.739990234375,639.6307,6.724022898108119
2024-07-10 00:00:00+00:00,677.6500244140625,640.62396,5.46389148937665
2024-07-11 00:00:00+00:00,652.75,640.2255,1.9187246415405974
2024-07-12 00:00:00+00:00,647.5999755859375,635.84186,1.8156451697118585
2024-07-15 00:00:00+00:00,656.4500122070312,629.7309,4.07024384402187
2024-07-16 00:00:00+00:00,656.3200073242188,624.74817,4.8104336339864044
2024-07-17 00:00:00+00:00,647.4600219726562,620.6879,4.1349417443557845
2024-07-18 00:00:00+00:00,643.0399780273438,616.3624,4.148661386710368
2024-07-19 00:00:00+00:00,633.3400268554688,612.0229,3.3658284283269646
2024-07-22 00:00:00+00:00,647.5,606.9575,6.2613869449806945
2024-07-23 00:00:00+00:00,642.760009765625,604.347,5.97626241812253
2024-07-24 00:00:00+00:00,635.989990234375,602.3772,5.285113521419262
2024-07-25 00:00:00+00:00,634.0900268554688,600.1971,5.345131274815474
2024-07-26 00:00:00+00:00,631.3699951171875,598.1114,5.267688710936948
2024-07-29 00:00:00+00:00,626.9600219726562,596.03076,4.933210917753728
2024-07-30 00:00:00+00:00,622.5800170898438,593.68506,4.641163818774471
2024-07-31 00:00:00+00:00,628.3499755859375,591.0038,5.943533517515395
2024-08-01 00:00:00+00:00,624.8499755859375,589.41614,5.670775270079479
2024-08-02 00:00:00+00:00,613.6400146484375,588.0095,4.176796257125857
2024-08-05 00:00:00+00:00,598.5499877929688,585.4116,2.195032489711311
2024-08-06 00:00:00+00:00,609.5700073242188,580.6571,4.743163621016712
2024-08-07 00:00:00+00:00,611.47998046875,577.2496,5.597960490644896
2024-08-08 00:00:00+00:00,630.3499755859375,574.9995,8.780909972390633
2024-08-09 00:00:00+00:00,633.9400024414062,576.30585,9.091421120528596
2024-08-12 00:00:00+00:00,633.1400146484375,579.4941,8.472997096602972
2024-08-13 00:00:00+00:00,648.02001953125,583.1875,10.004709357304591
2024-08-14 00:00:00+00:00,661.6799926757812,588.89795,10.999583524160442
2024-08-15 00:00:00+00:00,663.219970703125,596.62897,10.040560652504334
2024-08-16 00:00:00+00:00,674.0700073242188,604.4321,10.330956378611553
2024-08-19 00:00:00+00:00,688.530029296875,612.8367,10.993472492739038
2024-08-20 00:00:00+00:00,698.5399780273438,622.3105,10.912688548301821
2024-08-21 00:00:00+00:00,697.1199951171875,632.23114,9.308132808550525
2024-08-22 00:00:00+00:00,688.9600219726562,640.68933,7.00631232270318
2024-08-23 00:00:00+00:00,686.72998046875,646.1616,5.90746880561538
2024-08-26 00:00:00+00:00,688.4400024414062,649.1849,5.702040383172831
2024-08-27 00:00:00+00:00,695.719970703125,650.73816,6.4655052920181255
2024-08-28 00:00:00+00:00,683.8400268554688,652.1997,4.626859876821164
2024-08-29 00:00:00+00:00,692.47998046875,651.5056,5.9170469024445795
2024-08-30 00:00:00+00:00,701.3499755859375,651.1739,7.154215181067344
2024-09-03 00:00:00+00:00,675.3200073242188,652.0236,3.4496811091168347
2024-09-04 00:00:00+00:00,679.6799926757812,649.49084,4.441670826644368
2024-09-05 00:00:00+00:00,683.6199951171875,646.67664,5.4040782362819995
2024-09-06 00:00:00+00:00,665.77001953125,644.43744,3.204196635562821
2024-09-09 00:00:00+00:00,675.4199829101562,640.14166,5.223167985124996
2024-09-10 00:00:00+00:00,673.6199951171875,637.0264,5.432375398560606
2024-09-11 00:00:00+00:00,681.469970703125,634.3944,6.907943643483809
2024-09-12 00:00:00+00:00,686.7999877929688,633.46436,7.765817308123834
2024-09-13 00:00:00+00:00,697.0599975585938,634.10834,9.031024643034172
2024-09-16 00:00:00+00:00,696.5,636.8346,8.566461632941493
2024-09-17 00:00:00+00:00,706.9099731445312,640.0415,9.459262392470118
2024-09-18 00:00:00+00:00,690.469970703125,644.6168,6.640860770146014
2024-09-19 00:00:00+00:00,704.3200073242188,646.8441,8.160479684744132
2024-09-20 00:00:00+00:00,701.030029296875,649.9063,7.292657393435093
2024-09-23 00:00:00+00:00,705.3699951171875,652.23444,7.533005295072624
2024-09-24 00:00:00+00:00,722.260009765625,654.5687,9.372148985744548
2024-09-25 00:00:00+00:00,721.5599975585938,658.85376,8.690370586664448
2024-09-26 00:00:00+00:00,711.4299926757812,663.12506,6.789836264696099
2024-09-27 00:00:00+00:00,707.3499755859375,665.47784,5.919577690374729
2024-09-30 00:00:00+00:00,709.27001953125,666.20325,6.07198546040335
2024-10-01 00:00:00+00:00,706.1300048828125,666.3153,5.638437255223639
2024-10-02 00:00:00+00:00,711.0900268554688,665.5652,6.402120630197899
2024-10-03 00:00:00+00:00,706.7999877929688,665.179,5.888649179190258
2024-10-04 00:00:00+00:00,719.7000122070312,664.2815,7.700224694516801
2024-10-07 00:00:00+00:00,701.9199829101562,665.09314,5.246587098010071
2024-10-08 00:00:00+00:00,721.760009765625,663.9079,8.015422167153927
2024-10-09 00:00:00+00:00,727.4299926757812,664.9946,8.583006529586273
2024-10-10 00:00:00+00:00,730.2899780273438,667.4271,8.607930533801262
2024-10-11 00:00:00+00:00,722.7899780273438,670.5339,7.229776989747927
2024-10-14 00:00:00+00:00,713.0,672.52356,5.676920116365709
2024-10-15 00:00:00+00:00,705.97998046875,672.5203,4.739462405081589
2024-10-16 00:00:00+00:00,702.0,670.7258,4.455009960381054
2024-10-17 00:00:00+00:00,687.6500244140625,667.79724,2.887047553010893
2024-10-18 00:00:00+00:00,763.8900146484375,662.7006,13.24659180633665
2024-10-21 00:00:00+00:00,772.0700073242188,667.94214,13.486842859395894
2024-10-22 00:00:00+00:00,764.239990234375,677.22217,11.386190643980646
2024-10-23 00:00:00+00:00,749.2899780273438,686.28827,8.408187862093076
2024-10-24 00:00:00+00:00,754.5499877929688,692.3403,8.244611729282001
2024-10-25 00:00:00+00:00,754.6799926757812,697.1868,7.618217604875566
2024-10-28 00:00:00+00:00,749.1199951171875,700.6705,6.467525128361061
2024-10-29 00:00:00+00:00,759.4400024414062,702.20905,7.535941858114802
2024-10-30 00:00:00+00:00,753.739990234375,704.0563,6.5916252904218835
2024-10-31 00:00:00+00:00,756.030029296875,704.75134,6.782625628128533
2024-11-01 00:00:00+00:00,756.0999755859375,705.17883,6.734710252921753
2024-11-04 00:00:00+00:00,755.510009765625,705.32776,6.642168909466875
2024-11-05 00:00:00+00:00,763.9099731445312,705.196,7.68598281498072
2024-11-06 00:00:00+00:00,780.2100219726562,706.0702,9.50254796208797
2024-11-07 00:00:00+00:00,796.5399780273438,709.363,10.944460335691069
2024-11-08 00:00:00+00:00,795.0399780273438,715.339,10.024777491980421
2024-11-11 00:00:00+00:00,805.4400024414062,721.3885,10.435477927232641
